product,etsy_listing_id,francis_product_id,listing_state,expected_video_filename,expected_video_path,video_exists,ready_for_upload,manual_review_required,notes
Construction Website Template,4537523196,13,draft,construction-etsy-listing-video-v1.mp4,/home/iedrees/Workspace/nextgenwebs-video/etsy-listing-videos/construction-etsy-listing-video-v1.mp4,true,true,true,"New ElevenLabs-format video EXISTS on disk (11.8s, 832x1088, H.264/AAC, 2.86MB, verified with ffprobe). Etsy draft ALREADY HAS a video attached locally (etsy_video_id 833199328, stored filename video.mp4, 423980 bytes -- the earlier auto-generated video, not this one). Uploading the new file would REPLACE the existing attached video. Closest-to-ready of all 9 rows; still requires explicit human approval before upload."
Tiling Contractor Website Template,4536569497,10,draft,tiling-etsy-listing-video-v1.mp4,/home/iedrees/Workspace/nextgenwebs-video/etsy-listing-videos/tiling-etsy-listing-video-v1.mp4,false,false,true,"Expected Etsy-listing-format video does not exist yet. Voiceover done (nextgenwebs-audio/tiling-etsy-video-voiceover-v1.mp3) and a talking-head YouTube-format video exists (nextgenwebs-audio/tiling-talking-head-youtube-v1.mp4) but that is a different asset for a different purpose, not the Etsy listing video. Etsy draft already has a video attached (etsy_video_id 832958498) -- any future upload would be a replace."
InsightForge / Small Business Analytics Dashboard,4536792669,11,draft,insightforge-etsy-listing-video-v1.mp4,/home/iedrees/Workspace/nextgenwebs-video/etsy-listing-videos/insightforge-etsy-listing-video-v1.mp4,false,false,true,"Same situation as Tiling: voiceover done (insightforge-etsy-video-voiceover-v1.mp3) and a talking-head YouTube video exists (insightforge-talking-head-youtube-v1.mp4), but no Etsy-listing-format video yet. Etsy draft already has a video attached (etsy_video_id 833032009) -- any future upload would be a replace."
Bank Desert Analysis Project,4537098414,12,draft,bank-desert-etsy-listing-video-v1.mp4,/home/iedrees/Workspace/nextgenwebs-video/etsy-listing-videos/bank-desert-etsy-listing-video-v1.mp4,false,false,true,"Voiceover exists (bank-desert-etsy-video-voiceover-v1.mp3) but no video file of any kind has been produced yet. Etsy draft already has a video attached (etsy_video_id 833112507) -- any future upload would be a replace."
Wellness Website Template,4536353299,9,draft,wellness-etsy-listing-video-v1.mp4,/home/iedrees/Workspace/nextgenwebs-video/etsy-listing-videos/wellness-etsy-listing-video-v1.mp4,false,false,true,"No ElevenLabs video or voiceover assets found anywhere in nextgenwebs-video or nextgenwebs-audio for this product. Product matched by name: 'Vitality Wellness Website Template' in Francis Listing Manager. Etsy draft already has a video attached (etsy_video_id 832914357) -- any future upload would be a replace."
Pest Control Website Template,4536200319,8,draft,pest-control-etsy-listing-video-v1.mp4,/home/iedrees/Workspace/nextgenwebs-video/etsy-listing-videos/pest-control-etsy-listing-video-v1.mp4,false,false,true,"No ElevenLabs video or voiceover assets found for this product. Product matched by name: 'Westlake Pest Control Website Template' in Francis Listing Manager. Etsy draft currently has NO video attached (confirmed via /api/products/8/manual-upload -- video: null). A future upload here would be a first attach, not a replace -- still requires explicit approval before upload."
Zen Skin Studio Website Template,4536125418,7,draft,zen-skin-etsy-listing-video-v1.mp4,/home/iedrees/Workspace/nextgenwebs-video/etsy-listing-videos/zen-skin-etsy-listing-video-v1.mp4,false,false,true,"No ElevenLabs video or voiceover assets found for this product. Etsy draft currently has NO video attached (confirmed via /api/products/7/manual-upload -- video: null). A future upload here would be a first attach, not a replace -- still requires explicit approval before upload."
Solar Website Template,LISTING_ID_REQUIRED,LISTING_ID_REQUIRED,LISTING_ID_REQUIRED,solar-etsy-listing-video-v1.mp4,/home/iedrees/Workspace/nextgenwebs-video/etsy-listing-videos/solar-etsy-listing-video-v1.mp4,false,false,true,"No matching product record found in Francis Listing Manager's full product list (checked all 15 products, ids 1-15) for a 'Solar Website Template'. A local site (clients/ac-solar-solutions/) exists in the ct-lead-gen monorepo, but no corresponding Francis Listing Manager product or Etsy draft was found. Do not invent an ID -- confirm the correct product name/ID with the user, or create the Francis Listing Manager product first, before any video work proceeds."
Precision Laser Website Template,4537642227,14,draft,precision-laser-etsy-listing-video-v1.mp4,/home/iedrees/Workspace/nextgenwebs-video/etsy-listing-videos/precision-laser-etsy-listing-video-v1.mp4,false,false,true,"No ElevenLabs video or voiceover assets found for this product in either workspace folder. Etsy draft already has a video attached (etsy_video_id 833253605, stored filename etsy-video.mp4, 279418 bytes) -- this is the screenshot-slideshow video built with ffmpeg during the original release, not an ElevenLabs-narrated video. Any future ElevenLabs video upload here would REPLACE this existing video and requires explicit human approval before upload."
